{
  "project_info": {
    "project_number": "635522987238",
    "project_id": "campuscommute-196521"
  },
  "client": [
    {
      "client_info": {
        "mobilesdk_app_id": "1:635522987238:android:e2ebd1482836095e",
        "android_client_info": {
          "package_name": "ucsb_cs56.campuscommute"
        }
      },
      "oauth_client": [
        {
          "client_id": "635522987238-ie4g4pfhin1tspc1a0ap5to1arf8j0im.apps.googleusercontent.com",
          "client_type": 3
        },
        {
          "client_id": "635522987238-iuofhsgd19nuc2q2e1d7qfu80qr6vi5a.apps.googleusercontent.com",
          "client_type": 1,
          "android_info": {
            "package_name": "ucsb_cs56.campuscommute",
            "certificate_hash": "af3ebc6fd5038b08061bfac56268f85498871d30"
          }
        }
      ],
      "api_key": [
        {
          "current_key": "AIzaSyDbhJ5Jo2NKJVI3RBVVEXGDCLjOUAzzg4A"
        }
      ],
      "services": {
        "analytics_service": {
          "status": 1
        },
        "appinvite_service": {
          "status": 1,
          "other_platform_oauth_client": []
        },
        "ads_service": {
          "status": 1
        }
      }
    }
  ],
  "configuration_version": "1"
}